{"count":1,"self":1048.9468928,"total":2158.7140761,"children":{"InitializeActuators":{"count":42,"self":0.0025082,"total":0.0025082,"children":null},"InitializeSensors":{"count":42,"self":0.0025104,"total":0.0025104,"children":null},"AgentSendState":{"count":239234,"self":3.0625044,"total":51.9421325,"children":{"CollectObservations":{"count":2009574,"self":34.2882496,"total":34.2882502,"children":null},"WriteActionMask":{"count":2009574,"self":0.46130509999999997,"total":0.46130509999999997,"children":null},"RequestDecision":{"count":2009574,"self":2.3987203999999998,"total":14.130072799999999,"children":{"AgentInfo.ToProto":{"count":2009574,"self":2.2852672,"total":11.7313523,"children":{"GenerateSensorData":{"count":2009574,"self":9.4460848,"total":9.4460851,"children":null}}}}}}},"DecideAction":{"count":239234,"self":1040.305152,"total":1040.3051483,"children":null},"AgentAct":{"count":239234,"self":17.1462096,"total":17.1612625,"children":{"AgentInfo.ToProto":{"count":745,"self":0.0055144,"total":0.015052699999999999,"children":{"GenerateSensorData":{"count":745,"self":0.0095383,"total":0.0095383,"children":null}}}}},"AgentInfo.ToProto":{"count":37167,"self":0.0941935,"total":0.35262119999999997,"children":{"GenerateSensorData":{"count":37167,"self":0.2584277,"total":0.2584277,"children":null}}}},"gauges":{"ArcadeDriver.CumulativeReward":{"count":37912,"max":186.603317,"min":-23.5433083,"runningAverage":3.32920241,"value":-1.67563772,"weightedAverage":19.3645382}},"metadata":{"timer_format_version":"0.1.0","start_time_seconds":"1700184691","unity_version":"2022.3.8f1","command_line_arguments":"C:\\Program Files\\Unity\\Hub\\Editor\\2022.3.8f1\\Editor\\Unity.exe -projectpath D:\\Unity\\Tutorial\\sample\\Hw2 -useHub -hubIPC -cloudEnvironment production -licensingIpc LicenseClient-USER -hubSessionId 82ad5630-15c7-4612-a2d4-638580204b6c -accessToken WDQjKr49WPSUl4PijlUaS2f0WVS9zGGT9MSraUHl3zQ01ef","communication_protocol_version":"1.5.0","com.unity.ml-agents_version":"2.0.1","scene_name":"KartClassic_Training4_Collision","end_time_seconds":"1700186849"}}